county,year,cnty_edu_pct,st_edu_pct,is_projected
Adams,2012,22.1,30.8,0
Adams,2013,24.0,31.3,0
Adams,2014,23.8,31.8,0
Adams,2015,24.3,32.4,0
Adams,2016,24.4,32.9,0
Adams,2017,24.8,33.4,0
Adams,2018,25.4,33.9,0
Adams,2019,25.8,34.4,0
Adams,2020,27.0,35.0,0
Adams,2021,27.6,35.5,0
Adams,2022,27.0,36.0,0
Adams,2023,27.7,36.5,0
Adams,2024,28.5,37.0,0
Adams,2025,28.9,37.6,1
Adams,2026,29.5,38.1,1
Adams,2027,30.3,38.6,1
Adams,2028,30.7,39.1,1
Allegheny,2012,39.2,30.8,0
Allegheny,2013,39.8,31.3,0
Allegheny,2014,41.1,31.8,0
Allegheny,2015,41.7,32.4,0
Allegheny,2016,42.6,32.9,0
Allegheny,2017,43.5,33.4,0
Allegheny,2018,43.4,33.9,0
Allegheny,2019,44.7,34.4,0
Allegheny,2020,45.4,35.0,0
Allegheny,2021,46.2,35.5,0
Allegheny,2022,47.1,36.0,0
Allegheny,2023,47.9,36.5,0
Allegheny,2024,49.0,37.0,0
Allegheny,2025,48.8,37.6,1
Allegheny,2026,49.6,38.1,1
Allegheny,2027,50.8,38.6,1
Allegheny,2028,51.6,39.1,1
Armstrong,2012,28.3,30.8,0
Armstrong,2013,28.1,31.3,0
Armstrong,2014,29.1,31.8,0
Armstrong,2015,29.9,32.4,0
Armstrong,2016,30.6,32.9,0
Armstrong,2017,30.3,33.4,0
Armstrong,2018,31.2,33.9,0
Armstrong,2019,32.1,34.4,0
Armstrong,2020,32.3,35.0,0
Armstrong,2021,33.1,35.5,0
Armstrong,2022,33.1,36.0,0
Armstrong,2023,34.0,36.5,0
Armstrong,2024,34.8,37.0,0
Armstrong,2025,35.4,37.6,1
Armstrong,2026,36.4,38.1,1
Armstrong,2027,37.1,38.6,1
Armstrong,2028,37.4,39.1,1
Beaver,2012,31.1,30.8,0
Beaver,2013,30.8,31.3,0
Beaver,2014,32.1,31.8,0
Beaver,2015,32.7,32.4,0
Beaver,2016,32.6,32.9,0
Beaver,2017,33.3,33.4,0
Beaver,2018,34.3,33.9,0
Beaver,2019,35.5,34.4,0
Beaver,2020,36.5,35.0,0
Beaver,2021,36.6,35.5,0
Beaver,2022,37.7,36.0,0
Beaver,2023,37.8,36.5,0
Beaver,2024,38.6,37.0,0
Beaver,2025,39.7,37.6,1
Beaver,2026,40.6,38.1,1
Beaver,2027,40.4,38.6,1
Beaver,2028,41.3,39.1,1
Bedford,2012,26.4,30.8,0
Bedford,2013,26.1,31.3,0
Bedford,2014,27.2,31.8,0
Bedford,2015,27.4,32.4,0
Bedford,2016,27.5,32.9,0
Bedford,2017,27.6,33.4,0
Bedford,2018,28.8,33.9,0
Bedford,2019,29.4,34.4,0
Bedford,2020,29.9,35.0,0
Bedford,2021,29.4,35.5,0
Bedford,2022,30.0,36.0,0
Bedford,2023,31.4,36.5,0
Bedford,2024,32.1,37.0,0
Bedford,2025,32.2,37.6,1
Bedford,2026,32.3,38.1,1
Bedford,2027,33.1,38.6,1
Bedford,2028,32.6,39.1,1
Berks,2012,29.2,30.8,0
Berks,2013,29.3,31.3,0
Berks,2014,30.4,31.8,0
Berks,2015,30.1,32.4,0
Berks,2016,31.6,32.9,0
Berks,2017,31.8,33.4,0
Berks,2018,32.1,33.9,0
Berks,2019,33.2,34.4,0
Berks,2020,33.8,35.0,0
Berks,2021,33.7,35.5,0
Berks,2022,35.2,36.0,0
Berks,2023,34.9,36.5,0
Berks,2024,36.0,37.0,0
Berks,2025,36.1,37.6,1
Berks,2026,37.0,38.1,1
Berks,2027,37.3,38.6,1
Berks,2028,38.1,39.1,1
Blair,2012,28.3,30.8,0
Blair,2013,29.4,31.3,0
Blair,2014,31.2,31.8,0
Blair,2015,31.3,32.4,0
Blair,2016,32.0,32.9,0
Blair,2017,32.9,33.4,0
Blair,2018,34.2,33.9,0
Blair,2019,34.0,34.4,0
Blair,2020,36.0,35.0,0
Blair,2021,35.7,35.5,0
Blair,2022,37.0,36.0,0
Blair,2023,37.2,36.5,0
Blair,2024,38.3,37.0,0
Blair,2025,39.3,37.6,1
Blair,2026,39.8,38.1,1
Blair,2027,40.4,38.6,1
Blair,2028,41.5,39.1,1
Bradford,2012,23.0,30.8,0
Bradford,2013,23.3,31.3,0
Bradford,2014,24.3,31.8,0
Bradford,2015,24.2,32.4,0
Bradford,2016,25.1,32.9,0
Bradford,2017,25.7,33.4,0
Bradford,2018,25.8,33.9,0
Bradford,2019,26.7,34.4,0
Bradford,2020,27.2,35.0,0
Bradford,2021,27.6,35.5,0
Bradford,2022,28.0,36.0,0
Bradford,2023,28.4,36.5,0
Bradford,2024,29.2,37.0,0
Bradford,2025,30.1,37.6,1
Bradford,2026,30.4,38.1,1
Bradford,2027,29.6,38.6,1
Bradford,2028,31.3,39.1,1
Bucks,2012,34.8,30.8,0
Bucks,2013,35.4,31.3,0
Bucks,2014,36.2,31.8,0
Bucks,2015,36.9,32.4,0
Bucks,2016,37.3,32.9,0
Bucks,2017,37.5,33.4,0
Bucks,2018,38.6,33.9,0
Bucks,2019,39.5,34.4,0
Bucks,2020,40.0,35.0,0
Bucks,2021,41.2,35.5,0
Bucks,2022,41.5,36.0,0
Bucks,2023,42.2,36.5,0
Bucks,2024,42.3,37.0,0
Bucks,2025,43.0,37.6,1
Bucks,2026,44.3,38.1,1
Bucks,2027,44.7,38.6,1
Bucks,2028,44.9,39.1,1
Butler,2012,28.9,30.8,0
Butler,2013,29.8,31.3,0
Butler,2014,31.0,31.8,0
Butler,2015,31.1,32.4,0
Butler,2016,31.7,32.9,0
Butler,2017,32.1,33.4,0
Butler,2018,33.0,33.9,0
Butler,2019,33.3,34.4,0
Butler,2020,34.2,35.0,0
Butler,2021,34.5,35.5,0
Butler,2022,35.5,36.0,0
Butler,2023,36.5,36.5,0
Butler,2024,36.8,37.0,0
Butler,2025,37.6,37.6,1
Butler,2026,38.2,38.1,1
Butler,2027,38.5,38.6,1
Butler,2028,40.0,39.1,1
Cambria,2012,31.5,30.8,0
Cambria,2013,32.8,31.3,0
Cambria,2014,32.8,31.8,0
Cambria,2015,34.3,32.4,0
Cambria,2016,34.2,32.9,0
Cambria,2017,35.4,33.4,0
Cambria,2018,36.5,33.9,0
Cambria,2019,36.6,34.4,0
Cambria,2020,36.9,35.0,0
Cambria,2021,37.6,35.5,0
Cambria,2022,38.6,36.0,0
Cambria,2023,38.9,36.5,0
Cambria,2024,40.2,37.0,0
Cambria,2025,40.9,37.6,1
Cambria,2026,42.0,38.1,1
Cambria,2027,42.8,38.6,1
Cambria,2028,43.0,39.1,1
Cameron,2012,17.4,30.8,0
Cameron,2013,18.1,31.3,0
Cameron,2014,18.6,31.8,0
Cameron,2015,18.8,32.4,0
Cameron,2016,19.4,32.9,0
Cameron,2017,19.8,33.4,0
Cameron,2018,20.8,33.9,0
Cameron,2019,20.3,34.4,0
Cameron,2020,20.7,35.0,0
Cameron,2021,22.0,35.5,0
Cameron,2022,22.1,36.0,0
Cameron,2023,23.0,36.5,0
Cameron,2024,23.3,37.0,0
Cameron,2025,23.0,37.6,1
Cameron,2026,24.1,38.1,1
Cameron,2027,24.8,38.6,1
Cameron,2028,24.5,39.1,1
Carbon,2012,28.4,30.8,0
Carbon,2013,28.3,31.3,0
Carbon,2014,29.1,31.8,0
Carbon,2015,29.2,32.4,0
Carbon,2016,30.0,32.9,0
Carbon,2017,30.2,33.4,0
Carbon,2018,31.3,33.9,0
Carbon,2019,31.5,34.4,0
Carbon,2020,32.4,35.0,0
Carbon,2021,31.9,35.5,0
Carbon,2022,33.0,36.0,0
Carbon,2023,33.8,36.5,0
Carbon,2024,34.4,37.0,0
Carbon,2025,34.5,37.6,1
Carbon,2026,35.1,38.1,1
Carbon,2027,35.6,38.6,1
Carbon,2028,35.7,39.1,1
Centre,2012,30.7,30.8,0
Centre,2013,31.3,31.3,0
Centre,2014,32.6,31.8,0
Centre,2015,32.8,32.4,0
Centre,2016,32.9,32.9,0
Centre,2017,33.7,33.4,0
Centre,2018,34.3,33.9,0
Centre,2019,34.3,34.4,0
Centre,2020,34.9,35.0,0
Centre,2021,35.8,35.5,0
Centre,2022,36.4,36.0,0
Centre,2023,37.4,36.5,0
Centre,2024,37.6,37.0,0
Centre,2025,37.8,37.6,1
Centre,2026,38.2,38.1,1
Centre,2027,38.9,38.6,1
Centre,2028,39.7,39.1,1
Chester,2012,33.4,30.8,0
Chester,2013,34.1,31.3,0
Chester,2014,35.6,31.8,0
Chester,2015,35.5,32.4,0
Chester,2016,36.6,32.9,0
Chester,2017,36.4,33.4,0
Chester,2018,38.0,33.9,0
Chester,2019,38.4,34.4,0
Chester,2020,39.0,35.0,0
Chester,2021,39.2,35.5,0
Chester,2022,40.9,36.0,0
Chester,2023,40.6,36.5,0
Chester,2024,41.8,37.0,0
Chester,2025,42.4,37.6,1
Chester,2026,42.8,38.1,1
Chester,2027,43.8,38.6,1
Chester,2028,44.7,39.1,1
Clarion,2012,26.4,30.8,0
Clarion,2013,27.1,31.3,0
Clarion,2014,27.6,31.8,0
Clarion,2015,27.9,32.4,0
Clarion,2016,28.6,32.9,0
Clarion,2017,29.2,33.4,0
Clarion,2018,29.7,33.9,0
Clarion,2019,30.0,34.4,0
Clarion,2020,30.3,35.0,0
Clarion,2021,31.3,35.5,0
Clarion,2022,31.4,36.0,0
Clarion,2023,32.0,36.5,0
Clarion,2024,33.5,37.0,0
Clarion,2025,32.8,37.6,1
Clarion,2026,33.5,38.1,1
Clarion,2027,33.8,38.6,1
Clarion,2028,34.1,39.1,1
Clearfield,2012,27.3,30.8,0
Clearfield,2013,27.5,31.3,0
Clearfield,2014,28.1,31.8,0
Clearfield,2015,29.0,32.4,0
Clearfield,2016,29.6,32.9,0
Clearfield,2017,29.8,33.4,0
Clearfield,2018,30.6,33.9,0
Clearfield,2019,30.6,34.4,0
Clearfield,2020,31.5,35.0,0
Clearfield,2021,31.6,35.5,0
Clearfield,2022,31.8,36.0,0
Clearfield,2023,32.2,36.5,0
Clearfield,2024,32.9,37.0,0
Clearfield,2025,33.8,37.6,1
Clearfield,2026,33.7,38.1,1
Clearfield,2027,34.4,38.6,1
Clearfield,2028,33.9,39.1,1
Clinton,2012,26.2,30.8,0
Clinton,2013,26.3,31.3,0
Clinton,2014,27.1,31.8,0
Clinton,2015,27.4,32.4,0
Clinton,2016,28.0,32.9,0
Clinton,2017,28.3,33.4,0
Clinton,2018,28.8,33.9,0
Clinton,2019,29.9,34.4,0
Clinton,2020,30.0,35.0,0
Clinton,2021,30.2,35.5,0
Clinton,2022,31.4,36.0,0
Clinton,2023,31.4,36.5,0
Clinton,2024,31.7,37.0,0
Clinton,2025,32.0,37.6,1
Clinton,2026,33.3,38.1,1
Clinton,2027,33.8,38.6,1
Clinton,2028,33.8,39.1,1
Columbia,2012,27.1,30.8,0
Columbia,2013,27.8,31.3,0
Columbia,2014,27.9,31.8,0
Columbia,2015,28.2,32.4,0
Columbia,2016,29.7,32.9,0
Columbia,2017,29.4,33.4,0
Columbia,2018,30.1,33.9,0
Columbia,2019,31.4,34.4,0
Columbia,2020,31.2,35.0,0
Columbia,2021,31.6,35.5,0
Columbia,2022,32.7,36.0,0
Columbia,2023,33.1,36.5,0
Columbia,2024,33.8,37.0,0
Columbia,2025,34.6,37.6,1
Columbia,2026,35.3,38.1,1
Columbia,2027,35.2,38.6,1
Columbia,2028,35.4,39.1,1
Crawford,2012,25.9,30.8,0
Crawford,2013,26.5,31.3,0
Crawford,2014,27.0,31.8,0
Crawford,2015,27.3,32.4,0
Crawford,2016,28.1,32.9,0
Crawford,2017,28.5,33.4,0
Crawford,2018,29.3,33.9,0
Crawford,2019,29.6,34.4,0
Crawford,2020,29.8,35.0,0
Crawford,2021,30.3,35.5,0
Crawford,2022,30.7,36.0,0
Crawford,2023,31.1,36.5,0
Crawford,2024,31.9,37.0,0
Crawford,2025,32.5,37.6,1
Crawford,2026,32.6,38.1,1
Crawford,2027,33.2,38.6,1
Crawford,2028,33.8,39.1,1
Cumberland,2012,33.8,30.8,0
Cumberland,2013,34.4,31.3,0
Cumberland,2014,35.5,31.8,0
Cumberland,2015,35.8,32.4,0
Cumberland,2016,36.7,32.9,0
Cumberland,2017,36.7,33.4,0
Cumberland,2018,37.7,33.9,0
Cumberland,2019,38.4,34.4,0
Cumberland,2020,39.4,35.0,0
Cumberland,2021,39.9,35.5,0
Cumberland,2022,40.6,36.0,0
Cumberland,2023,41.5,36.5,0
Cumberland,2024,42.1,37.0,0
Cumberland,2025,42.9,37.6,1
Cumberland,2026,44.0,38.1,1
Cumberland,2027,43.4,38.6,1
Cumberland,2028,44.7,39.1,1
Dauphin,2012,32.5,30.8,0
Dauphin,2013,32.6,31.3,0
Dauphin,2014,33.6,31.8,0
Dauphin,2015,34.0,32.4,0
Dauphin,2016,34.1,32.9,0
Dauphin,2017,36.6,33.4,0
Dauphin,2018,35.9,33.9,0
Dauphin,2019,36.4,34.4,0
Dauphin,2020,37.5,35.0,0
Dauphin,2021,38.3,35.5,0
Dauphin,2022,38.4,36.0,0
Dauphin,2023,39.3,36.5,0
Dauphin,2024,39.9,37.0,0
Dauphin,2025,40.2,37.6,1
Dauphin,2026,41.1,38.1,1
Dauphin,2027,41.5,38.6,1
Dauphin,2028,41.9,39.1,1
Delaware,2012,38.5,30.8,0
Delaware,2013,39.6,31.3,0
Delaware,2014,39.8,31.8,0
Delaware,2015,41.5,32.4,0
Delaware,2016,41.5,32.9,0
Delaware,2017,43.0,33.4,0
Delaware,2018,43.2,33.9,0
Delaware,2019,44.0,34.4,0
Delaware,2020,44.4,35.0,0
Delaware,2021,46.2,35.5,0
Delaware,2022,46.8,36.0,0
Delaware,2023,47.8,36.5,0
Delaware,2024,48.1,37.0,0
Delaware,2025,49.5,37.6,1
Delaware,2026,50.0,38.1,1
Delaware,2027,51.2,38.6,1
Delaware,2028,52.3,39.1,1
Elk,2012,25.1,30.8,0
Elk,2013,24.8,31.3,0
Elk,2014,25.9,31.8,0
Elk,2015,26.6,32.4,0
Elk,2016,27.2,32.9,0
Elk,2017,27.0,33.4,0
Elk,2018,27.5,33.9,0
Elk,2019,28.4,34.4,0
Elk,2020,28.6,35.0,0
Elk,2021,29.2,35.5,0
Elk,2022,30.3,36.0,0
Elk,2023,30.9,36.5,0
Elk,2024,31.0,37.0,0
Elk,2025,31.7,37.6,1
Elk,2026,32.6,38.1,1
Elk,2027,32.4,38.6,1
Elk,2028,33.0,39.1,1
Erie,2012,31.4,30.8,0
Erie,2013,32.0,31.3,0
Erie,2014,33.8,31.8,0
Erie,2015,33.5,32.4,0
Erie,2016,34.8,32.9,0
Erie,2017,35.0,33.4,0
Erie,2018,35.2,33.9,0
Erie,2019,35.7,34.4,0
Erie,2020,36.7,35.0,0
Erie,2021,37.8,35.5,0
Erie,2022,38.3,36.0,0
Erie,2023,39.4,36.5,0
Erie,2024,40.0,37.0,0
Erie,2025,40.7,37.6,1
Erie,2026,41.5,38.1,1
Erie,2027,42.0,38.6,1
Erie,2028,42.5,39.1,1
Fayette,2012,27.6,30.8,0
Fayette,2013,28.1,31.3,0
Fayette,2014,28.3,31.8,0
Fayette,2015,28.1,32.4,0
Fayette,2016,29.4,32.9,0
Fayette,2017,29.9,33.4,0
Fayette,2018,30.3,33.9,0
Fayette,2019,29.9,34.4,0
Fayette,2020,31.1,35.0,0
Fayette,2021,31.6,35.5,0
Fayette,2022,31.8,36.0,0
Fayette,2023,33.7,36.5,0
Fayette,2024,33.1,37.0,0
Fayette,2025,34.0,37.6,1
Fayette,2026,34.5,38.1,1
Fayette,2027,35.1,38.6,1
Fayette,2028,35.7,39.1,1
Forest,2012,22.2,30.8,0
Forest,2013,23.6,31.3,0
Forest,2014,23.0,31.8,0
Forest,2015,23.3,32.4,0
Forest,2016,24.5,32.9,0
Forest,2017,24.9,33.4,0
Forest,2018,25.7,33.9,0
Forest,2019,25.9,34.4,0
Forest,2020,26.6,35.0,0
Forest,2021,26.6,35.5,0
Forest,2022,27.2,36.0,0
Forest,2023,27.2,36.5,0
Forest,2024,27.9,37.0,0
Forest,2025,28.3,37.6,1
Forest,2026,28.8,38.1,1
Forest,2027,29.7,38.6,1
Forest,2028,30.5,39.1,1
Franklin,2012,26.8,30.8,0
Franklin,2013,27.6,31.3,0
Franklin,2014,27.6,31.8,0
Franklin,2015,28.8,32.4,0
Franklin,2016,28.8,32.9,0
Franklin,2017,30.1,33.4,0
Franklin,2018,30.3,33.9,0
Franklin,2019,30.1,34.4,0
Franklin,2020,31.2,35.0,0
Franklin,2021,31.5,35.5,0
Franklin,2022,32.2,36.0,0
Franklin,2023,32.6,36.5,0
Franklin,2024,33.4,37.0,0
Franklin,2025,34.0,37.6,1
Franklin,2026,35.0,38.1,1
Franklin,2027,35.2,38.6,1
Franklin,2028,36.0,39.1,1
Fulton,2012,24.3,30.8,0
Fulton,2013,25.1,31.3,0
Fulton,2014,25.3,31.8,0
Fulton,2015,25.9,32.4,0
Fulton,2016,26.7,32.9,0
Fulton,2017,27.2,33.4,0
Fulton,2018,27.3,33.9,0
Fulton,2019,28.5,34.4,0
Fulton,2020,28.0,35.0,0
Fulton,2021,28.9,35.5,0
Fulton,2022,30.2,36.0,0
Fulton,2023,30.4,36.5,0
Fulton,2024,30.9,37.0,0
Fulton,2025,31.0,37.6,1
Fulton,2026,31.9,38.1,1
Fulton,2027,32.7,38.6,1
Fulton,2028,33.6,39.1,1
Greene,2012,23.4,30.8,0
Greene,2013,23.6,31.3,0
Greene,2014,24.5,31.8,0
Greene,2015,25.4,32.4,0
Greene,2016,25.5,32.9,0
Greene,2017,26.5,33.4,0
Greene,2018,26.3,33.9,0
Greene,2019,27.3,34.4,0
Greene,2020,27.4,35.0,0
Greene,2021,27.9,35.5,0
Greene,2022,28.5,36.0,0
Greene,2023,28.8,36.5,0
Greene,2024,30.2,37.0,0
Greene,2025,30.0,37.6,1
Greene,2026,30.5,38.1,1
Greene,2027,31.2,38.6,1
Greene,2028,32.1,39.1,1
Huntingdon,2012,25.2,30.8,0
Huntingdon,2013,25.5,31.3,0
Huntingdon,2014,26.8,31.8,0
Huntingdon,2015,27.4,32.4,0
Huntingdon,2016,27.3,32.9,0
Huntingdon,2017,27.2,33.4,0
Huntingdon,2018,28.8,33.9,0
Huntingdon,2019,29.9,34.4,0
Huntingdon,2020,29.7,35.0,0
Huntingdon,2021,30.5,35.5,0
Huntingdon,2022,30.8,36.0,0
Huntingdon,2023,31.2,36.5,0
Huntingdon,2024,32.1,37.0,0
Huntingdon,2025,33.2,37.6,1
Huntingdon,2026,33.4,38.1,1
Huntingdon,2027,34.6,38.6,1
Huntingdon,2028,34.3,39.1,1
Indiana,2012,30.8,30.8,0
Indiana,2013,31.3,31.3,0
Indiana,2014,31.4,31.8,0
Indiana,2015,32.1,32.4,0
Indiana,2016,33.0,32.9,0
Indiana,2017,33.1,33.4,0
Indiana,2018,33.2,33.9,0
Indiana,2019,33.8,34.4,0
Indiana,2020,34.6,35.0,0
Indiana,2021,35.5,35.5,0
Indiana,2022,35.7,36.0,0
Indiana,2023,36.2,36.5,0
Indiana,2024,36.6,37.0,0
Indiana,2025,37.5,37.6,1
Indiana,2026,38.2,38.1,1
Indiana,2027,38.5,38.6,1
Indiana,2028,38.4,39.1,1
Jefferson,2012,24.8,30.8,0
Jefferson,2013,25.7,31.3,0
Jefferson,2014,26.0,31.8,0
Jefferson,2015,26.4,32.4,0
Jefferson,2016,27.1,32.9,0
Jefferson,2017,27.9,33.4,0
Jefferson,2018,28.7,33.9,0
Jefferson,2019,29.2,34.4,0
Jefferson,2020,29.6,35.0,0
Jefferson,2021,29.9,35.5,0
Jefferson,2022,31.0,36.0,0
Jefferson,2023,31.2,36.5,0
Jefferson,2024,31.9,37.0,0
Jefferson,2025,33.0,37.6,1
Jefferson,2026,33.6,38.1,1
Jefferson,2027,34.9,38.6,1
Jefferson,2028,34.7,39.1,1
Juniata,2012,25.2,30.8,0
Juniata,2013,25.9,31.3,0
Juniata,2014,25.9,31.8,0
Juniata,2015,26.3,32.4,0
Juniata,2016,26.7,32.9,0
Juniata,2017,27.2,33.4,0
Juniata,2018,28.2,33.9,0
Juniata,2019,28.7,34.4,0
Juniata,2020,29.3,35.0,0
Juniata,2021,29.6,35.5,0
Juniata,2022,29.3,36.0,0
Juniata,2023,30.2,36.5,0
Juniata,2024,30.7,37.0,0
Juniata,2025,31.6,37.6,1
Juniata,2026,31.7,38.1,1
Juniata,2027,32.3,38.6,1
Juniata,2028,33.1,39.1,1
Lackawanna,2012,34.2,30.8,0
Lackawanna,2013,34.7,31.3,0
Lackawanna,2014,35.6,31.8,0
Lackawanna,2015,35.6,32.4,0
Lackawanna,2016,36.5,32.9,0
Lackawanna,2017,37.7,33.4,0
Lackawanna,2018,38.5,33.9,0
Lackawanna,2019,38.8,34.4,0
Lackawanna,2020,39.6,35.0,0
Lackawanna,2021,40.7,35.5,0
Lackawanna,2022,41.1,36.0,0
Lackawanna,2023,41.7,36.5,0
Lackawanna,2024,42.5,37.0,0
Lackawanna,2025,43.0,37.6,1
Lackawanna,2026,43.6,38.1,1
Lackawanna,2027,43.4,38.6,1
Lackawanna,2028,45.0,39.1,1
Lancaster,2012,31.8,30.8,0
Lancaster,2013,32.7,31.3,0
Lancaster,2014,33.5,31.8,0
Lancaster,2015,34.5,32.4,0
Lancaster,2016,35.1,32.9,0
Lancaster,2017,35.3,33.4,0
Lancaster,2018,36.3,33.9,0
Lancaster,2019,36.8,34.4,0
Lancaster,2020,37.1,35.0,0
Lancaster,2021,37.6,35.5,0
Lancaster,2022,38.4,36.0,0
Lancaster,2023,39.1,36.5,0
Lancaster,2024,39.6,37.0,0
Lancaster,2025,41.2,37.6,1
Lancaster,2026,40.9,38.1,1
Lancaster,2027,41.9,38.6,1
Lancaster,2028,42.9,39.1,1
Lawrence,2012,29.2,30.8,0
Lawrence,2013,29.4,31.3,0
Lawrence,2014,30.4,31.8,0
Lawrence,2015,30.9,32.4,0
Lawrence,2016,31.1,32.9,0
Lawrence,2017,31.3,33.4,0
Lawrence,2018,32.8,33.9,0
Lawrence,2019,32.8,34.4,0
Lawrence,2020,33.0,35.0,0
Lawrence,2021,33.7,35.5,0
Lawrence,2022,34.5,36.0,0
Lawrence,2023,35.0,36.5,0
Lawrence,2024,35.8,37.0,0
Lawrence,2025,36.1,37.6,1
Lawrence,2026,36.5,38.1,1
Lawrence,2027,38.2,38.6,1
Lawrence,2028,38.3,39.1,1
Lebanon,2012,30.9,30.8,0
Lebanon,2013,30.9,31.3,0
Lebanon,2014,31.8,31.8,0
Lebanon,2015,32.5,32.4,0
Lebanon,2016,33.5,32.9,0
Lebanon,2017,33.7,33.4,0
Lebanon,2018,33.8,33.9,0
Lebanon,2019,34.3,34.4,0
Lebanon,2020,35.5,35.0,0
Lebanon,2021,36.6,35.5,0
Lebanon,2022,37.1,36.0,0
Lebanon,2023,37.7,36.5,0
Lebanon,2024,38.0,37.0,0
Lebanon,2025,38.9,37.6,1
Lebanon,2026,39.0,38.1,1
Lebanon,2027,39.0,38.6,1
Lebanon,2028,41.2,39.1,1
Lehigh,2012,34.0,30.8,0
Lehigh,2013,34.6,31.3,0
Lehigh,2014,36.0,31.8,0
Lehigh,2015,37.1,32.4,0
Lehigh,2016,37.4,32.9,0
Lehigh,2017,38.0,33.4,0
Lehigh,2018,38.3,33.9,0
Lehigh,2019,39.9,34.4,0
Lehigh,2020,40.0,35.0,0
Lehigh,2021,41.2,35.5,0
Lehigh,2022,41.9,36.0,0
Lehigh,2023,42.8,36.5,0
Lehigh,2024,43.3,37.0,0
Lehigh,2025,44.0,37.6,1
Lehigh,2026,45.5,38.1,1
Lehigh,2027,46.3,38.6,1
Lehigh,2028,46.5,39.1,1
Luzerne,2012,29.6,30.8,0
Luzerne,2013,30.9,31.3,0
Luzerne,2014,29.9,31.8,0
Luzerne,2015,31.6,32.4,0
Luzerne,2016,31.6,32.9,0
Luzerne,2017,33.1,33.4,0
Luzerne,2018,32.9,33.9,0
Luzerne,2019,34.0,34.4,0
Luzerne,2020,34.4,35.0,0
Luzerne,2021,34.9,35.5,0
Luzerne,2022,35.7,36.0,0
Luzerne,2023,36.7,36.5,0
Luzerne,2024,36.7,37.0,0
Luzerne,2025,38.0,37.6,1
Luzerne,2026,38.8,38.1,1
Luzerne,2027,38.6,38.6,1
Luzerne,2028,39.3,39.1,1
Lycoming,2012,28.9,30.8,0
Lycoming,2013,29.1,31.3,0
Lycoming,2014,29.6,31.8,0
Lycoming,2015,30.6,32.4,0
Lycoming,2016,31.2,32.9,0
Lycoming,2017,30.8,33.4,0
Lycoming,2018,31.8,33.9,0
Lycoming,2019,32.5,34.4,0
Lycoming,2020,33.0,35.0,0
Lycoming,2021,33.7,35.5,0
Lycoming,2022,33.2,36.0,0
Lycoming,2023,34.9,36.5,0
Lycoming,2024,35.5,37.0,0
Lycoming,2025,35.8,37.6,1
Lycoming,2026,36.0,38.1,1
Lycoming,2027,36.5,38.6,1
Lycoming,2028,36.4,39.1,1
McKean,2012,23.5,30.8,0
McKean,2013,24.2,31.3,0
McKean,2014,24.6,31.8,0
McKean,2015,24.9,32.4,0
McKean,2016,25.1,32.9,0
McKean,2017,26.3,33.4,0
McKean,2018,26.5,33.9,0
McKean,2019,26.6,34.4,0
McKean,2020,27.8,35.0,0
McKean,2021,27.8,35.5,0
McKean,2022,27.9,36.0,0
McKean,2023,29.3,36.5,0
McKean,2024,29.4,37.0,0
McKean,2025,29.4,37.6,1
McKean,2026,29.7,38.1,1
McKean,2027,30.3,38.6,1
McKean,2028,31.2,39.1,1
Mercer,2012,28.2,30.8,0
Mercer,2013,28.8,31.3,0
Mercer,2014,29.3,31.8,0
Mercer,2015,30.4,32.4,0
Mercer,2016,31.1,32.9,0
Mercer,2017,31.0,33.4,0
Mercer,2018,30.9,33.9,0
Mercer,2019,32.2,34.4,0
Mercer,2020,32.8,35.0,0
Mercer,2021,33.7,35.5,0
Mercer,2022,34.4,36.0,0
Mercer,2023,35.7,36.5,0
Mercer,2024,35.1,37.0,0
Mercer,2025,35.5,37.6,1
Mercer,2026,37.0,38.1,1
Mercer,2027,36.8,38.6,1
Mercer,2028,37.1,39.1,1
Mifflin,2012,24.9,30.8,0
Mifflin,2013,25.7,31.3,0
Mifflin,2014,26.6,31.8,0
Mifflin,2015,26.8,32.4,0
Mifflin,2016,27.5,32.9,0
Mifflin,2017,28.4,33.4,0
Mifflin,2018,28.8,33.9,0
Mifflin,2019,29.5,34.4,0
Mifflin,2020,30.0,35.0,0
Mifflin,2021,30.8,35.5,0
Mifflin,2022,31.3,36.0,0
Mifflin,2023,31.6,36.5,0
Mifflin,2024,31.8,37.0,0
Mifflin,2025,32.7,37.6,1
Mifflin,2026,33.2,38.1,1
Mifflin,2027,32.9,38.6,1
Mifflin,2028,34.3,39.1,1
Monroe,2012,29.4,30.8,0
Monroe,2013,29.2,31.3,0
Monroe,2014,30.8,31.8,0
Monroe,2015,30.2,32.4,0
Monroe,2016,31.8,32.9,0
Monroe,2017,32.0,33.4,0
Monroe,2018,32.7,33.9,0
Monroe,2019,33.2,34.4,0
Monroe,2020,33.6,35.0,0
Monroe,2021,34.8,35.5,0
Monroe,2022,35.0,36.0,0
Monroe,2023,35.8,36.5,0
Monroe,2024,36.3,37.0,0
Monroe,2025,37.1,37.6,1
Monroe,2026,37.1,38.1,1
Monroe,2027,37.6,38.6,1
Monroe,2028,38.8,39.1,1
Montgomery,2012,36.9,30.8,0
Montgomery,2013,37.9,31.3,0
Montgomery,2014,38.8,31.8,0
Montgomery,2015,38.9,32.4,0
Montgomery,2016,40.0,32.9,0
Montgomery,2017,41.1,33.4,0
Montgomery,2018,41.6,33.9,0
Montgomery,2019,43.0,34.4,0
Montgomery,2020,43.2,35.0,0
Montgomery,2021,43.4,35.5,0
Montgomery,2022,44.7,36.0,0
Montgomery,2023,45.5,36.5,0
Montgomery,2024,46.4,37.0,0
Montgomery,2025,47.2,37.6,1
Montgomery,2026,47.8,38.1,1
Montgomery,2027,47.8,38.6,1
Montgomery,2028,49.7,39.1,1
Montour,2012,25.5,30.8,0
Montour,2013,26.0,31.3,0
Montour,2014,27.3,31.8,0
Montour,2015,27.2,32.4,0
Montour,2016,27.9,32.9,0
Montour,2017,28.4,33.4,0
Montour,2018,29.0,33.9,0
Montour,2019,30.2,34.4,0
Montour,2020,30.5,35.0,0
Montour,2021,31.2,35.5,0
Montour,2022,31.0,36.0,0
Montour,2023,31.4,36.5,0
Montour,2024,32.4,37.0,0
Montour,2025,32.3,37.6,1
Montour,2026,33.2,38.1,1
Montour,2027,34.0,38.6,1
Montour,2028,34.7,39.1,1
Northampton,2012,32.7,30.8,0
Northampton,2013,34.0,31.3,0
Northampton,2014,34.6,31.8,0
Northampton,2015,35.4,32.4,0
Northampton,2016,35.9,32.9,0
Northampton,2017,37.0,33.4,0
Northampton,2018,37.2,33.9,0
Northampton,2019,38.2,34.4,0
Northampton,2020,38.0,35.0,0
Northampton,2021,39.4,35.5,0
Northampton,2022,40.0,36.0,0
Northampton,2023,40.3,36.5,0
Northampton,2024,40.9,37.0,0
Northampton,2025,41.8,37.6,1
Northampton,2026,42.2,38.1,1
Northampton,2027,43.1,38.6,1
Northampton,2028,44.2,39.1,1
Northumberland,2012,30.4,30.8,0
Northumberland,2013,30.6,31.3,0
Northumberland,2014,31.2,31.8,0
Northumberland,2015,31.5,32.4,0
Northumberland,2016,32.2,32.9,0
Northumberland,2017,32.8,33.4,0
Northumberland,2018,34.0,33.9,0
Northumberland,2019,34.7,34.4,0
Northumberland,2020,34.6,35.0,0
Northumberland,2021,35.3,35.5,0
Northumberland,2022,35.5,36.0,0
Northumberland,2023,36.4,36.5,0
Northumberland,2024,36.6,37.0,0
Northumberland,2025,38.0,37.6,1
Northumberland,2026,38.4,38.1,1
Northumberland,2027,38.6,38.6,1
Northumberland,2028,39.3,39.1,1
Perry,2012,23.5,30.8,0
Perry,2013,24.0,31.3,0
Perry,2014,24.6,31.8,0
Perry,2015,24.6,32.4,0
Perry,2016,25.4,32.9,0
Perry,2017,25.7,33.4,0
Perry,2018,25.8,33.9,0
Perry,2019,26.6,34.4,0
Perry,2020,27.0,35.0,0
Perry,2021,27.5,35.5,0
Perry,2022,27.2,36.0,0
Perry,2023,27.7,36.5,0
Perry,2024,28.8,37.0,0
Perry,2025,28.7,37.6,1
Perry,2026,29.5,38.1,1
Perry,2027,30.1,38.6,1
Perry,2028,30.5,39.1,1
Philadelphia,2012,44.5,30.8,0
Philadelphia,2013,45.1,31.3,0
Philadelphia,2014,46.2,31.8,0
Philadelphia,2015,47.5,32.4,0
Philadelphia,2016,48.2,32.9,0
Philadelphia,2017,48.9,33.4,0
Philadelphia,2018,49.5,33.9,0
Philadelphia,2019,50.3,34.4,0
Philadelphia,2020,50.8,35.0,0
Philadelphia,2021,52.1,35.5,0
Philadelphia,2022,52.6,36.0,0
Philadelphia,2023,53.8,36.5,0
Philadelphia,2024,55.1,37.0,0
Philadelphia,2025,56.1,37.6,1
Philadelphia,2026,57.5,38.1,1
Philadelphia,2027,57.8,38.6,1
Philadelphia,2028,58.5,39.1,1
Pike,2012,29.1,30.8,0
Pike,2013,29.6,31.3,0
Pike,2014,29.5,31.8,0
Pike,2015,29.9,32.4,0
Pike,2016,30.6,32.9,0
Pike,2017,31.5,33.4,0
Pike,2018,32.0,33.9,0
Pike,2019,32.4,34.4,0
Pike,2020,33.0,35.0,0
Pike,2021,33.6,35.5,0
Pike,2022,34.0,36.0,0
Pike,2023,34.7,36.5,0
Pike,2024,35.9,37.0,0
Pike,2025,35.6,37.6,1
Pike,2026,35.9,38.1,1
Pike,2027,36.9,38.6,1
Pike,2028,37.3,39.1,1
Potter,2012,21.1,30.8,0
Potter,2013,21.9,31.3,0
Potter,2014,22.3,31.8,0
Potter,2015,22.8,32.4,0
Potter,2016,23.1,32.9,0
Potter,2017,24.1,33.4,0
Potter,2018,24.4,33.9,0
Potter,2019,24.8,34.4,0
Potter,2020,25.7,35.0,0
Potter,2021,26.4,35.5,0
Potter,2022,26.4,36.0,0
Potter,2023,27.3,36.5,0
Potter,2024,27.7,37.0,0
Potter,2025,27.8,37.6,1
Potter,2026,28.2,38.1,1
Potter,2027,28.6,38.6,1
Potter,2028,29.5,39.1,1
Schuylkill,2012,24.0,30.8,0
Schuylkill,2013,24.4,31.3,0
Schuylkill,2014,26.1,31.8,0
Schuylkill,2015,25.7,32.4,0
Schuylkill,2016,27.0,32.9,0
Schuylkill,2017,27.2,33.4,0
Schuylkill,2018,28.0,33.9,0
Schuylkill,2019,28.2,34.4,0
Schuylkill,2020,29.2,35.0,0
Schuylkill,2021,29.2,35.5,0
Schuylkill,2022,29.9,36.0,0
Schuylkill,2023,30.5,36.5,0
Schuylkill,2024,31.8,37.0,0
Schuylkill,2025,31.4,37.6,1
Schuylkill,2026,32.1,38.1,1
Schuylkill,2027,32.9,38.6,1
Schuylkill,2028,33.9,39.1,1
Snyder,2012,25.2,30.8,0
Snyder,2013,26.6,31.3,0
Snyder,2014,26.7,31.8,0
Snyder,2015,27.7,32.4,0
Snyder,2016,28.6,32.9,0
Snyder,2017,29.4,33.4,0
Snyder,2018,29.1,33.9,0
Snyder,2019,30.1,34.4,0
Snyder,2020,30.4,35.0,0
Snyder,2021,31.5,35.5,0
Snyder,2022,32.3,36.0,0
Snyder,2023,31.8,36.5,0
Snyder,2024,32.9,37.0,0
Snyder,2025,33.7,37.6,1
Snyder,2026,33.5,38.1,1
Snyder,2027,34.3,38.6,1
Snyder,2028,35.4,39.1,1
Somerset,2012,24.6,30.8,0
Somerset,2013,25.0,31.3,0
Somerset,2014,25.8,31.8,0
Somerset,2015,26.5,32.4,0
Somerset,2016,27.1,32.9,0
Somerset,2017,26.6,33.4,0
Somerset,2018,27.2,33.9,0
Somerset,2019,28.6,34.4,0
Somerset,2020,28.8,35.0,0
Somerset,2021,29.1,35.5,0
Somerset,2022,29.9,36.0,0
Somerset,2023,30.0,36.5,0
Somerset,2024,30.1,37.0,0
Somerset,2025,31.5,37.6,1
Somerset,2026,31.7,38.1,1
Somerset,2027,32.3,38.6,1
Somerset,2028,32.4,39.1,1
Sullivan,2012,24.6,30.8,0
Sullivan,2013,24.9,31.3,0
Sullivan,2014,25.3,31.8,0
Sullivan,2015,26.4,32.4,0
Sullivan,2016,26.2,32.9,0
Sullivan,2017,27.1,33.4,0
Sullivan,2018,27.4,33.9,0
Sullivan,2019,27.2,34.4,0
Sullivan,2020,27.9,35.0,0
Sullivan,2021,28.9,35.5,0
Sullivan,2022,29.6,36.0,0
Sullivan,2023,29.4,36.5,0
Sullivan,2024,29.7,37.0,0
Sullivan,2025,30.5,37.6,1
Sullivan,2026,30.6,38.1,1
Sullivan,2027,31.5,38.6,1
Sullivan,2028,32.0,39.1,1
Susquehanna,2012,22.3,30.8,0
Susquehanna,2013,22.4,31.3,0
Susquehanna,2014,23.5,31.8,0
Susquehanna,2015,23.4,32.4,0
Susquehanna,2016,24.5,32.9,0
Susquehanna,2017,24.5,33.4,0
Susquehanna,2018,25.5,33.9,0
Susquehanna,2019,25.9,34.4,0
Susquehanna,2020,26.3,35.0,0
Susquehanna,2021,26.4,35.5,0
Susquehanna,2022,27.1,36.0,0
Susquehanna,2023,28.0,36.5,0
Susquehanna,2024,29.2,37.0,0
Susquehanna,2025,28.6,37.6,1
Susquehanna,2026,29.6,38.1,1
Susquehanna,2027,30.0,38.6,1
Susquehanna,2028,30.5,39.1,1
Tioga,2012,26.0,30.8,0
Tioga,2013,26.0,31.3,0
Tioga,2014,27.1,31.8,0
Tioga,2015,27.0,32.4,0
Tioga,2016,26.9,32.9,0
Tioga,2017,28.6,33.4,0
Tioga,2018,27.9,33.9,0
Tioga,2019,29.1,34.4,0
Tioga,2020,29.7,35.0,0
Tioga,2021,30.6,35.5,0
Tioga,2022,30.0,36.0,0
Tioga,2023,30.8,36.5,0
Tioga,2024,31.2,37.0,0
Tioga,2025,31.2,37.6,1
Tioga,2026,32.1,38.1,1
Tioga,2027,33.0,38.6,1
Tioga,2028,33.0,39.1,1
Union,2012,23.8,30.8,0
Union,2013,24.6,31.3,0
Union,2014,25.5,31.8,0
Union,2015,25.5,32.4,0
Union,2016,26.1,32.9,0
Union,2017,26.7,33.4,0
Union,2018,27.4,33.9,0
Union,2019,28.0,34.4,0
Union,2020,28.0,35.0,0
Union,2021,28.7,35.5,0
Union,2022,29.4,36.0,0
Union,2023,29.6,36.5,0
Union,2024,30.0,37.0,0
Union,2025,30.2,37.6,1
Union,2026,31.1,38.1,1
Union,2027,31.2,38.6,1
Union,2028,32.4,39.1,1
Venango,2012,23.9,30.8,0
Venango,2013,23.5,31.3,0
Venango,2014,24.2,31.8,0
Venango,2015,25.3,32.4,0
Venango,2016,26.0,32.9,0
Venango,2017,26.0,33.4,0
Venango,2018,26.6,33.9,0
Venango,2019,27.5,34.4,0
Venango,2020,28.3,35.0,0
Venango,2021,28.7,35.5,0
Venango,2022,29.9,36.0,0
Venango,2023,29.7,36.5,0
Venango,2024,30.1,37.0,0
Venango,2025,31.3,37.6,1
Venango,2026,31.8,38.1,1
Venango,2027,32.1,38.6,1
Venango,2028,33.1,39.1,1
Warren,2012,26.6,30.8,0
Warren,2013,27.6,31.3,0
Warren,2014,28.2,31.8,0
Warren,2015,28.6,32.4,0
Warren,2016,28.7,32.9,0
Warren,2017,29.5,33.4,0
Warren,2018,30.6,33.9,0
Warren,2019,31.4,34.4,0
Warren,2020,32.0,35.0,0
Warren,2021,31.8,35.5,0
Warren,2022,32.8,36.0,0
Warren,2023,33.6,36.5,0
Warren,2024,33.5,37.0,0
Warren,2025,34.1,37.6,1
Warren,2026,35.0,38.1,1
Warren,2027,35.7,38.6,1
Warren,2028,35.9,39.1,1
Washington,2012,30.2,30.8,0
Washington,2013,30.4,31.3,0
Washington,2014,31.6,31.8,0
Washington,2015,32.5,32.4,0
Washington,2016,32.8,32.9,0
Washington,2017,33.0,33.4,0
Washington,2018,33.8,33.9,0
Washington,2019,34.9,34.4,0
Washington,2020,34.9,35.0,0
Washington,2021,36.3,35.5,0
Washington,2022,36.4,36.0,0
Washington,2023,37.0,36.5,0
Washington,2024,37.5,37.0,0
Washington,2025,38.6,37.6,1
Washington,2026,38.5,38.1,1
Washington,2027,39.0,38.6,1
Washington,2028,39.4,39.1,1
Wayne,2012,26.2,30.8,0
Wayne,2013,26.8,31.3,0
Wayne,2014,26.9,31.8,0
Wayne,2015,27.4,32.4,0
Wayne,2016,28.1,32.9,0
Wayne,2017,28.6,33.4,0
Wayne,2018,29.2,33.9,0
Wayne,2019,29.1,34.4,0
Wayne,2020,30.5,35.0,0
Wayne,2021,30.7,35.5,0
Wayne,2022,31.5,36.0,0
Wayne,2023,31.9,36.5,0
Wayne,2024,32.3,37.0,0
Wayne,2025,32.6,37.6,1
Wayne,2026,33.6,38.1,1
Wayne,2027,34.1,38.6,1
Wayne,2028,34.7,39.1,1
Westmoreland,2012,33.8,30.8,0
Westmoreland,2013,34.3,31.3,0
Westmoreland,2014,34.6,31.8,0
Westmoreland,2015,36.2,32.4,0
Westmoreland,2016,36.3,32.9,0
Westmoreland,2017,36.6,33.4,0
Westmoreland,2018,37.7,33.9,0
Westmoreland,2019,38.3,34.4,0
Westmoreland,2020,38.9,35.0,0
Westmoreland,2021,40.3,35.5,0
Westmoreland,2022,40.2,36.0,0
Westmoreland,2023,41.3,36.5,0
Westmoreland,2024,41.2,37.0,0
Westmoreland,2025,41.8,37.6,1
Westmoreland,2026,42.7,38.1,1
Westmoreland,2027,43.4,38.6,1
Westmoreland,2028,43.8,39.1,1
Wyoming,2012,23.6,30.8,0
Wyoming,2013,23.2,31.3,0
Wyoming,2014,24.0,31.8,0
Wyoming,2015,25.2,32.4,0
Wyoming,2016,24.9,32.9,0
Wyoming,2017,26.1,33.4,0
Wyoming,2018,26.5,33.9,0
Wyoming,2019,26.8,34.4,0
Wyoming,2020,27.8,35.0,0
Wyoming,2021,28.3,35.5,0
Wyoming,2022,28.2,36.0,0
Wyoming,2023,29.0,36.5,0
Wyoming,2024,30.0,37.0,0
Wyoming,2025,30.1,37.6,1
Wyoming,2026,31.1,38.1,1
Wyoming,2027,32.3,38.6,1
Wyoming,2028,32.0,39.1,1
York,2012,30.7,30.8,0
York,2013,30.7,31.3,0
York,2014,32.2,31.8,0
York,2015,32.7,32.4,0
York,2016,32.5,32.9,0
York,2017,34.0,33.4,0
York,2018,34.8,33.9,0
York,2019,34.8,34.4,0
York,2020,36.2,35.0,0
York,2021,36.6,35.5,0
York,2022,37.4,36.0,0
York,2023,37.1,36.5,0
York,2024,38.8,37.0,0
York,2025,39.2,37.6,1
York,2026,39.1,38.1,1
York,2027,40.3,38.6,1
York,2028,41.2,39.1,1
